company_name,address_line_1,address_line_2,city,state_alpha,postal_code,country_code,latitude,longitude,when_verified
Trader Joes,1101 N Wilmot Rd,,Tucson,AZ,85712,US,32.23716736,-110.85892487,2022-11-17 06:00:51
Trader Joes,4766 E Grant Rd,,Tucson,AZ,85712,US,32.24978256,-110.89094543,2022-11-17 06:00:51
Trader Joes,4209 N Campbell Ave,,Tucson,AZ,85719,US,32.28350449,-110.9447937,2022-11-17 06:00:51
Trader Joes,7912 N Oracle,,Oro Valley,AZ,85704,US,32.35051346,-110.97318268,2022-11-17 06:00:51
Trader Joes,21186 S. Ellsworth Loop Rd,,Queen Creek,AZ,85142,US,33.25605392,-111.64026642,2022-11-17 06:00:51
Trader Joes,1779 E. Williams Field Rd.,,Gilbert,AZ,85295,US,33.30604935,-111.75163269,2022-11-17 06:00:51
Trader Joes,2050 E Baseline Rd,,Mesa,AZ,85204,US,33.38097,-111.78707886,2022-11-17 06:00:51
Trader Joes,6460 S McClintock Dr,,Tempe,AZ,85283,US,33.36181259,-111.9122467,2022-11-17 06:00:51
Trader Joes,4025 E Chandler Blvd,,Phoenix,AZ,85048,US,33.30312347,-111.99486542,2022-11-17 06:00:51
Trader Joes,940 E. University Drive,,Tempe,AZ,85281,US,33.4223938,-111.92502594,2022-11-17 06:00:51
Trader Joes,6202 N Scottsdale Rd,,Scottsdale,AZ,85253,US,33.52943802,-111.92758179,2022-11-17 06:00:51
Trader Joes,7555 E Frank Lloyd Wright,,Scottsdale,AZ,85260,US,33.63586044,-111.91712952,2022-11-17 06:00:51
Trader Joes,4726 East Shea Blvd,,Phoenix,AZ,85028,US,33.58330917,-111.97903442,2022-11-17 06:00:51
Trader Joes,4821 N 20th St,,Phoenix,AZ,85016,US,33.50711823,-112.03781128,2022-11-17 06:00:51
Trader Joes,7720 West Bell Rd,,Glendale,AZ,85308,US,33.639328,-112.22657013,2022-11-17 06:00:51
Trader Joes,14095 W Grand Ave,,Surprise,AZ,85374,US,33.65137863,-112.36740112,2022-11-17 06:00:51
Trader Joes,2200 Uptown Loop NE,,Albuquerque,NM,87110,US,35.10223389,-106.56546021,2022-11-17 06:00:51
Trader Joes,8928 Holly Ave NE,,Albuquerque,NM,87122,US,35.17513275,-106.54266357,2022-11-17 06:00:51
Trader Joes,252 N Lee Blvd,,Prescott,AZ,86303,US,34.54865646,-112.40534973,2022-11-17 06:00:51
Trader Joes,530 W Cordova Rd,,Santa Fe,NM,87505,US,35.67296982,-105.95336914,2022-11-17 06:00:51
Trader Joes,46400 Washington St,,La Quinta,CA,92253,US,33.71199036,-116.29426575,2022-11-17 06:00:51
Trader Joes,44250 Town Center Way,,Palm Desert,CA,92260,US,33.72745895,-116.39661407,2022-11-17 06:00:51
Trader Joes,10345 S Eastern Ave,,Henderson,NV,89052,US,36.00087357,-115.10933685,2022-11-17 06:00:51
Trader Joes,2716 N Green Valley Pkwy,,Henderson,NV,89014,US,36.06958008,-115.08111572,2022-11-17 06:00:51
Trader Joes,67720 E Palm Canyon Dr,,Cathedral City,CA,92234,US,33.78919983,-116.48305511,2022-11-17 06:00:51
Trader Joes,7575 W Washington,,Las Vegas,NV,89128,US,36.18060303,-115.25790405,2022-11-17 06:00:51
Trader Joes,2315 Summa Dr Ste 100,,Las Vegas,NV,89135,US,36.14619064,-115.33542633,2022-11-17 06:00:51
Trader Joes,5639 Centennial Ctr Blvd,,Las Vegas,NV,89149,US,36.26311493,-115.25674438,2022-11-17 06:00:51
Trader Joes,878 Eastlake Pkwy,,Chula Vista,CA,91914,US,32.65132523,-116.97039032,2022-11-17 06:00:51
Trader Joes,5495 Grossmont Center Dr,,La Mesa,CA,91942,US,32.77929688,-117.00561523,2022-11-17 06:00:51
Trader Joes,5140 College Ave,,San Diego,CA,92115,US,32.77201462,-117.07035065,2022-11-17 06:00:51
Trader Joes,11955 Carmel Mountain Rd,,San Diego,CA,92128,US,32.98211288,-117.07505035,2022-11-17 06:00:51
Trader Joes,1885 S Centre City Pkwy,,Escondido,CA,92025,US,33.10002518,-117.0748291,2022-11-17 06:00:51
Trader Joes,9850 Hibert St,,San Diego,CA,92131,US,32.91449356,-117.11516571,2022-11-17 06:00:51
Trader Joes,1090 University Avenue,,San Diego,CA,92103,US,32.74987411,-117.15381622,2022-11-17 06:00:51
Trader Joes,1072 Camino Del Rio North,,San Diego,CA,92108,US,32.76616287,-117.15516663,2022-11-17 06:00:51
Trader Joes,13480 Highlands Place,,San Diego,CA,92130,US,32.96114349,-117.19140625,2022-11-17 06:00:51
Trader Joes,2401 Truxtun Rd,,San Diego,CA,92106,US,32.73596191,-117.21729279,2022-11-17 06:00:51
Trader Joes,8657 Villa la Jolla Dr,,La Jolla,CA,92037,US,32.86574936,-117.2317276,2022-11-17 06:00:51
Trader Joes,1640 Garnet Ave,,San Diego,CA,92109,US,32.80054474,-117.24065399,2022-11-17 06:00:51
Trader Joes,40665 Winchester Rd,,Temecula,CA,92591,US,33.52882004,-117.15615082,2022-11-17 06:00:51
Trader Joes,115 N El Camino Real,,Encinitas,CA,92024,US,33.04710007,-117.25580597,2022-11-17 06:00:51
Trader Joes,2629 Gateway Rd,,Carlsbad,CA,92009,US,33.12659073,-117.25306702,2022-11-17 06:00:51
Trader Joes,2570 Vista Way,,Oceanside,CA,92054,US,33.18411255,-117.33194733,2022-11-17 06:00:51
Trader Joes,552 Orange St,,Redlands,CA,92374,US,34.06062317,-117.1811676,2022-11-17 06:00:51
Trader Joes,6225 Riverside Plaza,,Riverside,CA,92506,US,33.95593262,-117.38847351,2022-11-17 06:00:51
Trader Joes,2790 Cabot Dr,,Corona,CA,92883,US,33.81149292,-117.50656128,2022-11-17 06:00:51
Trader Joes,30652 Santa Margarita Pkwy,,Rancho Santa Margarita,CA,92688,US,33.6424942,-117.59534454,2022-11-17 06:00:51
Trader Joes,638 Camino de Los Mares,,San Clemente,CA,92673,US,33.45743179,-117.6517334,2022-11-17 06:00:51
Trader Joes,32151 Camino Capistrano,,San Juan Capistrano,CA,92675,US,33.49604797,-117.66362,2022-11-17 06:00:51
Trader Joes,25410 Marguerite Pkwy,,Mission Viejo,CA,92692,US,33.59305191,-117.65842438,2022-11-17 06:00:51
Trader Joes,32351 Street of the Golden Lantern,,Laguna Niguel,CA,92677,US,33.49296951,-117.69664764,2022-11-17 06:00:51
Trader Joes,24231 Avenida De La Carlota,,Laguna Hills,CA,92653,US,33.60985947,-117.7029953,2022-11-17 06:00:51
Trader Joes,6401 Haven Ave,,Rancho Cucamonga,CA,91737,US,34.13773727,-117.57413483,2022-11-17 06:00:51
Trader Joes,26541 Aliso Creek Rd,,Aliso Viejo,CA,92656,US,33.57748795,-117.72478485,2022-11-17 06:00:51
Trader Joes,6222 Irvine Blvd,,Irvine,CA,92620,US,33.69986725,-117.74185944,2022-11-17 06:00:51
Trader Joes,14443 Culver Dr,,Irvine,CA,92604,US,33.7061615,-117.78842163,2022-11-17 06:00:51
Trader Joes,8086 E Pacific Coast Hwy,,Newport Beach,CA,92657,US,33.56818008,-117.83242035,2022-11-17 06:00:51
Trader Joes,13911 Peyton Drive,,Chino Hills,CA,91709,US,34.00054169,-117.7321167,2022-11-17 06:00:51
Trader Joes,1198 Irvine Blvd.,,Tustin,CA,92780,US,33.74647141,-117.80961609,2022-11-17 06:00:51
Trader Joes,4225 Campus Dr,,Irvine,CA,92612,US,33.65046692,-117.83750916,2022-11-17 06:00:51
Trader Joes,475 W Foothill Blvd,,Claremont,CA,91711,US,34.10739136,-117.72203064,2022-11-17 06:00:51
Trader Joes,19655 Yorba Linda Blvd,,Yorba Linda,CA,92886,US,33.88972473,-117.79216766,2022-11-17 06:00:51
Trader Joes,2114 N Tustin St,,Orange,CA,92865,US,33.82344055,-117.83654785,2022-11-17 06:00:51
Trader Joes,3329 S Bristol St,,Santa Ana,CA,92704,US,33.7011795,-117.88420868,2022-11-17 06:00:51
Trader Joes,640 W 17th St,,Costa Mesa,CA,92627,US,33.63679504,-117.92458344,2022-11-17 06:00:51
Trader Joes,2500 E Imperial Hwy,,Brea,CA,92821,US,33.91056824,-117.87001801,2022-11-17 06:00:51
Trader Joes,856 W Arrow Hwy,,San Dimas,CA,91773,US,34.10348511,-117.82120514,2022-11-17 06:00:51
Trader Joes,21431 Brookhurst St,,Huntington Beach,CA,92646,US,33.65184402,-117.95413208,2022-11-17 06:00:51
Trader Joes,5342 N Nevada Ave,,Colorado Springs,CO,80918,US,38.90727615,-104.81728363,2022-11-17 06:00:51
Trader Joes,18681 Main St,,Huntington Beach,CA,92648,US,33.69252777,-117.99271393,2022-11-17 06:00:51
Trader Joes,"2101 W. Imperial Hwy, Suite A",,La Habra,CA,90631,US,33.91868973,-117.96901703,2022-11-17 06:00:51
Trader Joes,16821 Algonquin St,,Huntington Beach,CA,92649,US,33.71751785,-118.05145264,2022-11-17 06:00:51
Trader Joes,15025 E Whittier Blvd,,Whittier,CA,90603,US,33.94935989,-118.00539398,2022-11-17 06:00:51
Trader Joes,12861 Towne Center Dr,,Cerritos,CA,90703,US,33.86923981,-118.05812836,2022-11-17 06:00:51
Trader Joes,6451 E Pacific Coast  Hwy,,Long Beach,CA,90803,US,33.75766373,-118.1089325,2022-11-17 06:00:51
Trader Joes,604 W Huntington Dr,,Monrovia,CA,91016,US,34.1398468,-118.01222229,2022-11-17 06:00:51
Trader Joes,2222 North Bellflower Blvd,,Long Beach,CA,90815,US,33.79677582,-118.12289429,2022-11-17 06:00:51
Trader Joes,467 N Rosemead Blvd,,Pasadena,CA,91107,US,34.15370178,-118.07819366,2022-11-17 06:00:51
Trader Joes,3035 E Huntington Dr,,Pasadena,CA,91107,US,34.12788391,-118.08948517,2022-11-17 06:00:51
Trader Joes,4210 Long Beach Blvd,,Long Beach,CA,90807,US,33.83554077,-118.18843842,2022-11-17 06:00:51
Trader Joes,345 S Lake Ave,,Pasadena,CA,91101,US,34.14004898,-118.13290405,2022-11-17 06:00:51
Trader Joes,610 S Arroyo Pkwy,,Pasadena,CA,91105,US,34.13513947,-118.14687347,2022-11-17 06:00:51
Trader Joes,613 Mission St,,S. Pasadena,CA,91030,US,34.11530304,-118.1629715,2022-11-17 06:00:51
Trader Joes,1566 Colorado Blvd,,Eagle Rock,CA,90041,US,34.13925934,-118.20043945,2022-11-17 06:00:51
Trader Joes,475 Foothill Blvd,,La Canada,CA,91011,US,34.2000351,-118.18842316,2022-11-17 06:00:51
Trader Joes,28901 S Western Ave,,Rancho Palos Verdes,CA,90275,US,33.75595474,-118.3107605,2022-11-17 06:00:51
Trader Joes,2545 Pacific Coast Hwy,,Torrance,CA,90505,US,33.79064178,-118.33018494,2022-11-17 06:00:51
Trader Joes,2462 Honolulu Ave,,Montrose,CA,91020,US,34.20698547,-118.2331543,2022-11-17 06:00:51
Trader Joes,3131 S Hoover Street,,Los Angeles,CA,90089-1920,US,34.02607727,-118.28466797,2022-11-17 06:00:51
Trader Joes,103 E Glenoaks Blvd,,Glendale,CA,91207,US,34.15983963,-118.25453186,2022-11-17 06:00:51
Trader Joes,2738 Hyperion Ave,,Los Angeles,CA,90027,US,34.10763931,-118.27157593,2022-11-17 06:00:51
Trader Joes,19720 Hawthorne Blvd,,Torrance,CA,90503,US,33.85224915,-118.35328674,2022-11-17 06:00:51
Trader Joes,39507 10th St W,,Palmdale,CA,93551,US,34.60031128,-118.14929962,2022-11-17 06:00:51
Trader Joes,1761 S Elena Ave,,Redondo Bch.,CA,90277,US,33.81856155,-118.38614655,2022-11-17 06:00:51
Trader Joes,214 E Alameda Ave,,Burbank,CA,91502,US,34.17495728,-118.29886627,2022-11-17 06:00:51
Trader Joes,31176 Hawthorne Blvd,,Rancho Palos Verdes,CA,90275,US,33.74932861,-118.40667725,2022-11-17 06:00:51
Trader Joes,1600 N Vine St,,Los Angeles,CA,90028,US,34.10037994,-118.32605743,2022-11-17 06:00:51
Trader Joes,1821 Manhattan Beach Blvd,,Manhattan Beach,CA,90266,US,33.88763809,-118.37989044,2022-11-17 06:00:51
Trader Joes,1800 Rosecrans Blvd,,Manhattan Beach,CA,90266,US,33.90047455,-118.38043213,2022-11-17 06:00:51
Trader Joes,1100 Pacific Coast Hwy,,Hermosa Beach,CA,90254,US,33.86387634,-118.39157104,2022-11-17 06:00:51
Trader Joes,263 S La Brea Ave,,Los Angeles,CA,90036,US,34.06914902,-118.34441376,2022-11-17 06:00:51
Trader Joes,7310 Santa Monica Blvd,,West Hollywood,CA,90046,US,34.0905838,-118.34921265,2022-11-17 06:00:51
Trader Joes,175 South Fairfax Ave,,Los Angeles,CA,90036,US,34.07221222,-118.36177826,2022-11-17 06:00:51
Trader Joes,8645 S Sepulveda,,Westchester,CA,90045,US,33.95874023,-118.39665985,2022-11-17 06:00:51
Trader Joes,6150 Slauson Ave,,Culver City,CA,90230,US,33.98801041,-118.39285278,2022-11-17 06:00:51
Trader Joes,8000 W Sunset Blvd,,Los Angeles,CA,90046,US,34.09760284,-118.36523438,2022-11-17 06:00:51
Trader Joes,10130 Riverside Dr,,Toluca Lake,CA,91602,US,34.15191269,-118.35192871,2022-11-17 06:00:51
Trader Joes,8500 Burton Way,,Los Angeles,CA,90048,US,34.07116699,-118.37706757,2022-11-17 06:00:51
Trader Joes,9290 Culver Blvd,,Culver City,CA,90232,US,34.02522659,-118.39299011,2022-11-17 06:00:51
Trader Joes,8611 Santa Monica Blvd,,West Hollywood,CA,90069,US,34.08799362,-118.37956238,2022-11-17 06:00:51
Trader Joes,3456 S Sepulveda Blvd,,Los Angeles,CA,90034,US,34.02048111,-118.42210388,2022-11-17 06:00:51
Trader Joes,10850 National Blvd,,Los Angeles,CA,90064,US,34.03005981,-118.4214859,2022-11-17 06:00:51
Trader Joes,11976 Ventura Blvd,,Studio City,CA,91604,US,34.14294434,-118.39303589,2022-11-17 06:00:51
Trader Joes,4675 Admiralty Way,,Marina Del Rey,CA,90292,US,33.97956085,-118.44123077,2022-11-17 06:00:51
Trader Joes,6130 Laurel Canyon Bl,,North Hollywood,CA,91606,US,34.18217087,-118.39578247,2022-11-17 06:00:51
Trader Joes,11755 Olympic Blvd,,Los Angeles,CA,90064,US,34.03371429,-118.4493103,2022-11-17 06:00:51
Trader Joes,1000 Glendon Ave,,Los Angeles,CA,90024,US,34.06227112,-118.44377136,2022-11-17 06:00:51
Trader Joes,3212 Pico Blvd,,Santa Monica,CA,90405,US,34.02635574,-118.45576477,2022-11-17 06:00:51
Trader Joes,14119 Riverside Dr,,Sherman Oaks,CA,91423,US,34.15797424,-118.44081116,2022-11-17 06:00:51
Trader Joes,2300 Wilshire Blvd #101,,Santa Monica,CA,90403,US,34.0332756,-118.48013306,2022-11-17 06:00:51
Trader Joes,17640 Burbank Blvd,,Encino,CA,91316,US,34.17179489,-118.51776886,2022-11-17 06:00:51
Trader Joes,11114 Balboa Blvd,,Granada Hills,CA,91344,US,34.2726593,-118.50160217,2022-11-17 06:00:51
Trader Joes,8055 West Bowles Ave,,Littleton,CO,80123,US,39.61172485,-105.08880615,2022-11-17 06:00:51
Trader Joes,"5910 S University Blvd, Suite E1",,Greenwood Village,CO,80121,US,39.608078,-104.9584198,2022-11-17 06:00:51
Trader Joes,21055 Ventura Blvd,,Woodland Hills,CA,91364,US,34.16725922,-118.59230804,2022-11-17 06:00:51
Trader Joes,10330 Mason Ave,,Chatsworth,CA,91311,US,34.258255,-118.57879639,2022-11-17 06:00:51
Trader Joes,26517 Bouquet Canyon Rd,,Santa Clarita,CA,91350,US,34.42856979,-118.53827667,2022-11-17 06:00:51
Trader Joes,6751 Fallbrook Ave,,West Hills,CA,91307,US,34.19221497,-118.62581635,2022-11-17 06:00:51
Trader Joes,23741 Calabasas Rd.,,Calabasas,CA,91302,US,34.15566635,-118.64498138,2022-11-17 06:00:51
Trader Joes,661 Logan Street,,Denver,CO,80203,US,39.72686386,-104.98278809,2022-11-17 06:00:51
Trader Joes,750 N Colorado Blvd,,Denver,CO,80206,US,39.72882843,-104.94025421,2022-11-17 06:00:51
Trader Joes,790 N Colorado Blvd,,Denver,CO,80206,US,39.72903442,-104.94029236,2022-11-17 06:00:51
Trader Joes,28941 Canwood St,,Agoura Hills,CA,91301,US,34.14644241,-118.75665283,2022-11-17 06:00:51
Trader Joes,2975-A Cochran St,,Simi Valley,CA,93065,US,34.28089905,-118.73847961,2022-11-17 06:00:51
Trader Joes,3835 E Thousand Oaks Blvd,,Westlake Village,CA,91362,US,34.1639061,-118.82587433,2022-11-17 06:00:51
Trader Joes,451 Avenida De Los Arboles,,Thousand Oaks,CA,91360,US,34.21898651,-118.86907196,2022-11-17 06:00:51
Trader Joes,440 East Park Avenue,,Orem,UT,84097,US,40.27625275,-111.68525696,2022-11-17 06:00:51
Trader Joes,1906 28th St,,Boulder,CO,80301,US,40.02026749,-105.25784302,2022-11-17 06:00:51
Trader Joes,125 N Reino Road,,Thousand Oaks,CA,91320,US,34.18009567,-118.9538269,2022-11-17 06:00:51
Trader Joes,363 Carmen Dr,,Camarillo,CA,93010,US,34.21985626,-119.05322266,2022-11-17 06:00:51
Trader Joes,1795 S. Victoria Ave,,Ventura,CA,93003,US,34.25720215,-119.21183014,2022-11-17 06:00:51
Trader Joes,103 S Mills Rd,,Ventura,CA,93003,US,34.2716713,-119.24918365,2022-11-17 06:00:51
Trader Joes,6989 S 1300 E,,Cottonwood Heights,UT,84047,US,40.62410736,-111.85372162,2022-11-17 06:00:51
Trader Joes,8200 Stockdale Hwy,,Bakersfield,CA,93311,US,35.35561752,-119.09349823,2022-11-17 06:00:51
Trader Joes,634 East 400 South,,Salt Lake City,UT,84102,US,40.75967026,-111.87260437,2022-11-17 06:00:51
Trader Joes,"3500 S College Ave, Ste 110",,Fort Collins,CO,80525,US,40.53934097,-105.07528687,2022-11-17 06:00:51
Trader Joes,222 North Milpas Street,,Santa Barbara,CA,93103,US,34.42502594,-119.68151093,2022-11-17 06:00:51
Trader Joes,3025 De La Vina St,,Santa Barbara,CA,93105,US,34.43896103,-119.7289505,2022-11-17 06:00:51
Trader Joes,403 N Loop 1604 W,,San Antonio,TX,78232,US,29.6094532,-98.49909973,2022-11-17 06:00:51
Trader Joes,5767 Calle Real,,Goleta,CA,93117,US,34.4406929,-119.82524109,2022-11-17 06:00:51
Trader Joes,350 East Basse Road,,San Antonio,TX,78209,US,29.49670219,-98.47802734,2022-11-17 06:00:51
Trader Joes,2805 Bee Cave Rd,,Austin,TX,78746,US,30.27013397,-97.78981018,2022-11-17 06:00:51
Trader Joes,9722 Great Hills Trail,,Austin,TX,78759,US,30.39558411,-97.75177002,2022-11-17 06:00:51
Trader Joes,"211 Walter Seaholm Dr, Ste 100",,Austin,TX,78701,US,30.26749611,-97.75279236,2022-11-17 06:00:51
Trader Joes,2701 S Hulen St,,Fort Worth,TX,76109,US,32.71197891,-97.38513184,2022-11-17 06:00:51
Trader Joes,1303 S Bradley Rd,,Santa Maria,CA,93454,US,34.93802261,-120.42132568,2022-11-17 06:00:51
Trader Joes,1077 N Willow Ave,,Clovis,CA,93611,US,36.84933472,-119.72803497,2022-11-17 06:00:51
Trader Joes,1492 E Southlake Blvd,,Southlake,TX,76092,US,32.94132996,-97.12941742,2022-11-17 06:00:51
Trader Joes,8478 N. Friant Road,,Fresno,CA,93720,US,36.8588028,-119.78264618,2022-11-17 06:00:51
Trader Joes,955 Rancho Pkwy,,Arroyo Grande,CA,93420,US,35.1257019,-120.59405518,2022-11-17 06:00:51
Trader Joes,6409 Avondale Dr,,Nichols Hills,OK,73116,US,35.53769302,-97.53105927,2022-11-17 06:00:51
Trader Joes,3977 Higuera Street,,San Luis Obispo,CA,93401,US,35.27891159,-120.66449738,2022-11-17 06:00:51
Trader Joes,5550 W Lovers Lane,,Dallas,TX,75209,US,32.84955215,-96.81944275,2022-11-17 06:00:51
Trader Joes,1111 Rossi Road,,Templeton,CA,93465,US,35.54192734,-120.7151947,2022-11-17 06:00:51
Trader Joes,14856 Preston Rd,,Dallas,TX,75254,US,32.95087051,-96.80282593,2022-11-17 06:00:51
Trader Joes,4525 Cole Ave,,Dallas,TX,75205?,US,32.82254028,-96.78974915,2022-11-17 06:00:51
Trader Joes,2400 Preston Rd,,Plano,TX,75093,US,33.02923203,-96.79282379,2022-11-17 06:00:51
Trader Joes,2001 Greenville Ave,,Dallas,TX,75206,US,32.81483459,-96.77056122,2022-11-17 06:00:51
Trader Joes,7939 Walnut Hill Lane,,Dallas,TX,75230,US,32.88056946,-96.77227783,2022-11-17 06:00:51
Trader Joes,2851 Craig Dr Ste 100,,McKinney,TX,75070,US,33.17369843,-96.64287567,2022-11-17 06:00:51
Trader Joes,1800 N. Rock Road,,Wichita,KS,67206,US,37.71636963,-97.2434082,2022-11-17 06:00:51
Trader Joes,3790 US Hwy 395 S,,Carson City,NV,89705,US,39.11175919,-119.77663422,2022-11-17 06:00:51
Trader Joes,3250 Dale Road,,Modesto,CA,95356,US,37.68716812,-121.04940796,2022-11-17 06:00:51
Trader Joes,5035 S McCarran Blvd,,Reno,NV,89502,US,39.47879028,-119.78399658,2022-11-17 06:00:51
Trader Joes,3702 S Peoria Ave,,Tulsa,OK,74105,US,36.1096077,-95.97593689,2022-11-17 06:00:51
Trader Joes,570 Munras Ave,,Monterey,CA,93940,US,36.59655762,-121.89434814,2022-11-17 06:00:51
Trader Joes,17035 Laurel Rd,,Morgan Hill,CA,95037,US,37.13113785,-121.63820648,2022-11-17 06:00:51
Trader Joes,2717 Commercial Center Blvd,,Katy,TX,77494,US,29.74033546,-95.77483368,2022-11-17 06:00:51
Trader Joes,1170 Forest Ave,,Pacific Grove,CA,93950,US,36.60557938,-121.92192841,2022-11-17 06:00:51
Trader Joes,10868 Kuykendahl Road,,The Woodlands,TX,77381,US,30.17559624,-95.53540039,2022-11-17 06:00:51
Trader Joes,6535 Pacific Ave,,Stockton,CA,95207,US,38.00912857,-121.32281494,2022-11-17 06:00:51
Trader Joes,11683 Westheimer Rd,,Houston,TX,77077,US,29.73540688,-95.58248901,2022-11-17 06:00:51
Trader Joes,3555 Clares St #D,,Capitola,CA,95010,US,36.97854233,-121.97015381,2022-11-17 06:00:51
Trader Joes,5353 Almaden Expressway #J-38,,San Jose,CA,95118,US,37.2515564,-121.87923431,2022-11-17 06:00:51
Trader Joes,700 Front St,,Santa Cruz,CA,95060,US,36.97454453,-122.02469635,2022-11-17 06:00:51
Trader Joes,1440 South Voss Road,,Houston,TX,77057,US,29.75271988,-95.50166321,2022-11-17 06:00:51
Trader Joes,1875 Bascom Ave,,Campbell,CA,95008,US,37.28796005,-121.93328094,2022-11-17 06:00:51
Trader Joes,15466 Los Gatos Blvd,,Los Gatos,CA,95032,US,37.24411774,-121.95793152,2022-11-17 06:00:51
Trader Joes,635 Coleman Ave,,San Jose,CA,95110,US,37.34086609,-121.90917969,2022-11-17 06:00:51
Trader Joes,1306 Great Mall Pkwy,,Milpitas,CA,95035,US,37.41241455,-121.89969635,2022-11-17 06:00:51
Trader Joes,2922 S Shepherd Drive,,Houston,TX,77098,US,29.73921204,-95.41132355,2022-11-17 06:00:51
Trader Joes,5269 Prospect,,San Jose,CA,95129,US,37.29296875,-121.99414825,2022-11-17 06:00:51
Trader Joes,1122 A East Stanley Blvd,,Livermore,CA,94550,US,37.68035507,-121.7816925,2022-11-17 06:00:51
Trader Joes,850 East Bidwell,,Folsom,CA,95630,US,38.67244339,-121.15591431,2022-11-17 06:00:51
Trader Joes,7250 Bollinger Rd,,San Jose,CA,95129,US,37.31179047,-122.03091431,2022-11-17 06:00:51
Trader Joes,316 West El Camino Real,,Sunnyvale,CA,94087,US,37.36789322,-122.03588104,2022-11-17 06:00:51
Trader Joes,2310 Homestead Rd,,Los Altos,CA,94024,US,37.33670425,-122.06705475,2022-11-17 06:00:51
Trader Joes,9670 Bruceville Road,,Elk Grove,CA,95757,US,38.40660095,-121.42053223,2022-11-17 06:00:51
Trader Joes,3903 Santa Rita Road,,Pleasanton,CA,94588,US,37.69678879,-121.87689209,2022-11-17 06:00:51
Trader Joes,39324 Argonaut Way,,Fremont,CA,94538,US,37.54346848,-121.98615265,2022-11-17 06:00:51
Trader Joes,5309 Sunrise Blvd,,Fair Oaks,CA,95628,US,38.66206741,-121.27386475,2022-11-17 06:00:51
Trader Joes,5451 Lone Tree Way,,Brentwood,CA,94513,US,37.96114731,-121.75010681,2022-11-17 06:00:51
Trader Joes,590 Showers Dr,,Mountain View,CA,94040,US,37.40208435,-122.11075592,2022-11-17 06:00:51
Trader Joes,1117 Roseville Square,,Roseville,CA,95678,US,38.7462883,-121.27488708,2022-11-17 06:00:51
Trader Joes,300 Market Place,,San Ramon,CA,94583,US,37.76416397,-121.95211029,2022-11-17 06:00:51
Trader Joes,2625 Marconi Ave,,Sacramento,CA,95821,US,38.61859512,-121.40016937,2022-11-17 06:00:51
Trader Joes,5000 Folsom Blvd,,Sacramento,CA,95819,US,38.5603981,-121.44480896,2022-11-17 06:00:51
Trader Joes,855 El Camino Real,,Palo Alto,CA,94301,US,37.43842697,-122.15774536,2022-11-17 06:00:51
Trader Joes,720 Menlo Ave,,Menlo Park,CA,94025,US,37.45121765,-122.18351746,2022-11-17 06:00:51
Trader Joes,85 Railroad Ave,,Danville,CA,94526,US,37.82310486,-122.00323486,2022-11-17 06:00:51
Trader Joes,1482 El Camino Real,,San Carlos,CA,94070,US,37.49638748,-122.2485733,2022-11-17 06:00:51
Trader Joes,785 Oak Grove Rd,,Concord,CA,94518,US,37.9368248,-122.02474213,2022-11-17 06:00:51
Trader Joes,1372 S California Blvd,,Walnut Creek,CA,94596,US,37.89313889,-122.06056976,2022-11-17 06:00:51
Trader Joes,45 W Hillsdale Blvd,,San Mateo,CA,94403,US,37.53542709,-122.29827881,2022-11-17 06:00:51
Trader Joes,1150 Concord Ave,,Concord,CA,94520,US,37.97922516,-122.05640411,2022-11-17 06:00:51
Trader Joes,1820-22 S Grant Street,,San Mateo,CA,94402,US,37.55453873,-122.30251312,2022-11-17 06:00:51
Trader Joes,3649 Mt Diablo Blvd,,Lafayette,CA,94549,US,37.89023972,-122.12696838,2022-11-17 06:00:51
Trader Joes,2217 South Shore Center,,Alameda,CA,94501,US,37.75772476,-122.25145721,2022-11-17 06:00:51
Trader Joes,885 Russell Blvd,,Davis,CA,95616,US,38.54673004,-121.76148987,2022-11-17 06:00:51
Trader Joes,3250 Lakeshore Ave,,Oakland,CA,94610,US,37.80974197,-122.24424744,2022-11-17 06:00:51
Trader Joes,5727 College Ave,,Oakland,CA,94618,US,37.84556198,-122.25280762,2022-11-17 06:00:51
Trader Joes,765 Broadway,,Millbrae,CA,94030,US,37.60365295,-122.39603424,2022-11-17 06:00:51
Trader Joes,1885 University Ave,,Berkeley,CA,94703,US,37.87192535,-122.27331543,2022-11-17 06:00:51
Trader Joes,5700 Christie Ave,,Emeryville,CA,94608,US,37.83698273,-122.2942276,2022-11-17 06:00:51
Trader Joes,1350 Gateway Blvd,,Fairfield,CA,94533,US,38.26415634,-122.05223083,2022-11-17 06:00:51
Trader Joes,225 El Cerrito Plaza,,El Cerrito,CA,94530,US,37.89891052,-122.29981232,2022-11-17 06:00:51
Trader Joes,301 MC Lellan Dr,,South San Francisco,CA,94080,US,37.6647377,-122.44610596,2022-11-17 06:00:51
Trader Joes,555 9th St,,San Francisco,CA,94103,US,37.77111053,-122.40737915,2022-11-17 06:00:51
Trader Joes,10 4th Street,,San Francisco,CA,94103,US,37.78533173,-122.40567017,2022-11-17 06:00:51
Trader Joes,2742 Pinole Valley Rd,,Pinole,CA,94564,US,37.99526596,-122.28674316,2022-11-17 06:00:51
Trader Joes,1095 Hyde St,,San Francisco,CA,94109,US,37.7906456,-122.41799164,2022-11-17 06:00:51
Trader Joes,401 Bay St,,San Francisco,CA,94133,US,37.80551529,-122.41373444,2022-11-17 06:00:51
Trader Joes,417 Westlake Center,,Daly City,CA,94015,US,37.70000458,-122.48223877,2022-11-17 06:00:51
Trader Joes,265 Winston Dr,,San Francisco,CA,94132,US,37.72664642,-122.47631073,2022-11-17 06:00:51
Trader Joes,3 Masonic Ave,,San Francisco,CA,94118,US,37.78337097,-122.44787598,2022-11-17 06:00:51
Trader Joes,2052 Redwood Hwy,,Greenbrae,CA,94904,US,37.9378624,-122.51496124,2022-11-17 06:00:51
Trader Joes,337 3rd St,,San Rafael,CA,94901,US,37.96953964,-122.51647186,2022-11-17 06:00:51
Trader Joes,3654 Bel Aire Plaza,,Napa,CA,94558,US,38.32279587,-122.30583191,2022-11-17 06:00:51
Trader Joes,7514 Redwood Blvd,,Novato,CA,94945,US,38.11185074,-122.56812286,2022-11-17 06:00:51
Trader Joes,169 N McDowell Blvd,,Petaluma,CA,94954,US,38.24804306,-122.62801361,2022-11-17 06:00:51
Trader Joes,2100 Santa Rosa Ave,,Santa Rosa,CA,95407,US,38.41751862,-122.71205139,2022-11-17 06:00:51
Trader Joes,3225 Cleveland Ave,,Santa Rosa,CA,95403,US,38.47354889,-122.7322998,2022-11-17 06:00:51
Trader Joes,300 S Capitol Blvd,,Boise,ID,83702,US,43.61302948,-116.20370483,2022-11-17 06:00:51
Trader Joes,801 East Ave,,Chico,CA,95926,US,39.75933456,-121.84651184,2022-11-17 06:00:51
Trader Joes,2986 N. Eagle RD.,,Meridian,ID,83648,US,43.63209915,-116.35189056,2022-11-17 06:00:51
Trader Joes,3120 Pine Lake Rd,,Lincoln,NE,68516,US,40.74259949,-96.67454529,2022-11-17 06:00:51
Trader Joes,4201 W 119th St,,Leawood,KS,66209,US,38.91242599,-94.63574982,2022-11-17 06:00:51
Trader Joes,8600 Ward Pkwy,,Kansas City,MO,64114,US,38.97067261,-94.60684204,2022-11-17 06:00:51
Trader Joes,845 Browning St,,Redding,CA,96003,US,40.59170151,-122.3571167,2022-11-17 06:00:51
Trader Joes,10305 Pacific St,,Omaha,NE,68114,US,41.2482872,-96.07397461,2022-11-17 06:00:51
Trader Joes,11500 Financial Centre Pky,,Little Rock,AR,72211,US,34.7482872,-92.40185547,2022-11-17 06:00:51
Trader Joes,55 Rossanley Dr,,Medford,OR,97501,US,42.34348679,-122.8822403,2022-11-17 06:00:51
Trader Joes,3535 Perkins Rd,,Baton Rouge,LA,70808,US,30.42240906,-91.15359497,2022-11-17 06:00:51
Trader Joes,63455 N Hwy 97,,Bend,OR,97701,US,44.10115051,-121.30224609,2022-11-17 06:00:51
Trader Joes,6305 Mills Civic Pkwy,,West Des Moines,IA,50266,US,41.56155777,-93.79336548,2022-11-17 06:00:51
Trader Joes,2949 Veterans Blvd,,Metairie,LA,70002,US,30.00440598,-90.15206146,2022-11-17 06:00:51
Trader Joes,2130 Exeter Rd.,,Germantown,TN,38138,US,35.09077835,-89.80117035,2022-11-17 06:00:51
Trader Joes,85 Oakway Center,,Eugene,OR,97401,US,44.06627274,-123.07526398,2022-11-17 06:00:51
Trader Joes,1679 Clarkson Rd,,Chesterfield,MO,63017,US,38.64489746,-90.56655884,2022-11-17 06:00:51
Trader Joes,13343 Manchester Rd,,Des Peres,MO,63131,US,38.60103989,-90.46715546,2022-11-17 06:00:51
Trader Joes,11505 Olive Blvd,,Creve Coeur,MO,63141,US,38.67195511,-90.43641663,2022-11-17 06:00:51
Trader Joes,48 Brentwood Promenade Court,,Brentwood,MO,63144,US,38.62733459,-90.3412323,2022-11-17 06:00:51
Trader Joes,1550 NW 9th St,,Corvallis,OR,97330,US,44.58226013,-123.25997162,2022-11-17 06:00:51
Trader Joes,2975 East 29th Ave,,Spokane,WA,99223,US,47.62896729,-117.36664581,2022-11-17 06:00:51
Trader Joes,4450 Commercial St SE,,Salem,OR,97302,US,44.88960648,-123.03255463,2022-11-17 06:00:51
Trader Joes,920 Ponseti Way,,Coralville,IA,52241,US,41.68332291,-91.56472015,2022-11-17 06:00:51
Trader Joes,5520 N Division St,,Spokane,WA,99208,US,47.70890045,-117.40929413,2022-11-17 06:00:51
Trader Joes,9345 SE 82nd Ave,,Clackamas,OR,97086,US,45.45586014,-122.58073425,2022-11-17 06:00:51
Trader Joes,4715 SE Cesar Chavez Blvd,,Portland,OR,97202,US,45.48882294,-122.62355042,2022-11-17 06:00:51
Trader Joes,15391 SW Bangy Rd,,Lake Oswego,OR,97035,US,45.41381073,-122.74329376,2022-11-17 06:00:51
Trader Joes,4121 NE Halsey St,,Portland,OR,97232,US,45.53471756,-122.62081909,2022-11-17 06:00:51
Trader Joes,2122 NW Glisan St,,Portland,OR,97210,US,45.52610016,-122.69515991,2022-11-17 06:00:51
Trader Joes,305 SE Chkalov Dr,,Vancouver,WA,98683,US,45.61952591,-122.55319977,2022-11-17 06:00:51
Trader Joes,11753 SW Beaverton Hillsdale Hwy,,Beaverton,OR,97005,US,45.48797226,-122.79760742,2022-11-17 06:00:51
Trader Joes,2285 NW 185th Ave,,Hillsboro,OR,97124,US,45.53662491,-122.86961365,2022-11-17 06:00:51
Trader Joes,1200 16th St SW,,Rochester,MN,55902,US,44.0003624,-92.48125458,2022-11-17 06:00:51
Trader Joes,4270 W 78th St,,Bloomington,MN,55435,US,44.85924149,-93.3327713,2022-11-17 06:00:51
Trader Joes,11220 Wayzata Blvd,,Minnetonka,MN,55305,US,44.97348785,-93.42276001,2022-11-17 06:00:51
Trader Joes,4500 Excelsior Blvd,,St. Louis Park,MN,55416,US,44.9345932,-93.33740234,2022-11-17 06:00:51
Trader Joes,12105 Elm Creek Blvd N,,Maple Grove,MN,55369,US,45.09218979,-93.43408966,2022-11-17 06:00:51
Trader Joes,721 Washington Ave S,,Minneapolis,MN,55415,US,44.97646332,-93.2582016,2022-11-17 06:00:51
Trader Joes,484 Lexington Pkwy S,,St. Paul,MN,55105,US,44.92669678,-93.14588928,2022-11-17 06:00:51
Trader Joes,1041 Red Fox Rd,,Shoreview,MN,55126,US,45.05799103,-93.14472961,2022-11-17 06:00:51
Trader Joes,8960 Hudson Rd. Ste. 801,,Woodbury,MN,55125,US,44.94573212,-92.92266846,2022-11-17 06:00:51
Trader Joes,12966 SE Kent-Kangley Rd,,Kent,WA,98030,US,47.35958862,-122.16693878,2022-11-17 06:00:51
Trader Joes,1758 S 320th St,,Federal Way,WA,98003,US,47.31692505,-122.31093597,2022-11-17 06:00:51
Trader Joes,3800 Bridgeport Way W,,University Place,WA,98466,US,47.22306442,-122.53817749,2022-11-17 06:00:51
Trader Joes,1530 Black Lake Blvd SW,,Olympia,WA,98502,US,47.033535,-122.93723297,2022-11-17 06:00:51
Trader Joes,975 NW Gilman Blvd,,Issaquah,WA,98027,US,47.54397964,-122.05223846,2022-11-17 06:00:51
Trader Joes,490 228th Ave NE,,Sammamish,WA,98074,US,47.61384964,-122.03388214,2022-11-17 06:00:51
Trader Joes,15868 1st Ave S,,Burien,WA,98148,US,47.46007538,-122.33139038,2022-11-17 06:00:51
Trader Joes,15563 NE 24th St,,Bellevue,WA,98007,US,47.63076019,-122.13343048,2022-11-17 06:00:51
Trader Joes,416 116th Ave NE,,Bellevue,WA,98004,US,47.6137352,-122.18482208,2022-11-17 06:00:51
Trader Joes,15932 Redmond Way,,Redmond,WA,98052,US,47.6758194,-122.12799072,2022-11-17 06:00:51
Trader Joes,4545 Fauntleroy Way SW,,Seattle,WA,98116,US,47.5619278,-122.38102722,2022-11-17 06:00:51
Trader Joes,1700 Madison St,,Seattle,WA,98122,US,47.61600494,-122.30970001,2022-11-17 06:00:51
Trader Joes,12520 Totem Lake Blvd NE,,Kirkland,WA,98034,US,47.71145248,-122.17998505,2022-11-17 06:00:51
Trader Joes,1916 Queen Anne Ave N,,Seattle,WA,98109,US,47.63698578,-122.35666656,2022-11-17 06:00:51
Trader Joes,4555 Roosevelt Way NE,,Seattle,WA,98105,US,47.66268539,-122.31774139,2022-11-17 06:00:51
Trader Joes,4609 14th Ave NW,,Seattle,WA,98107,US,47.66261292,-122.37424469,2022-11-17 06:00:51
Trader Joes,1201 N 175th St,,Shoreline,WA,98133,US,47.75491333,-122.3433075,2022-11-17 06:00:51
Trader Joes,19715 Highway 99,,Lynnwood,WA,98036,US,47.81963348,-122.31376648,2022-11-17 06:00:51
Trader Joes,"205 Summit Blvd, Suite 100",,Birmingham,AL,35243,US,33.44651031,-86.72929382,2022-11-17 06:00:51
Trader Joes,90 White Bridge Rd,,Nashville,TN,37205,US,36.13072586,-86.85222626,2022-11-17 06:00:51
Trader Joes,9991 Mickelberry Rd,,Silverdale,WA,98383,US,47.65542603,-122.6831665,2022-11-17 06:00:51
Trader Joes,811 SE Everett Mall Way,,Everett,WA,98208,US,47.91072083,-122.22138977,2022-11-17 06:00:51
Trader Joes,3909 Hillsboro Pike,,Nashville,TN,37215,US,36.10508347,-86.81562805,2022-11-17 06:00:51
Trader Joes,1810 Monroe St,,Madison,WI,53711,US,43.06498718,-89.4175415,2022-11-17 06:00:51
Trader Joes,1942 W Fabyan Pkwy,,Batavia,IL,60510,US,41.86387253,-88.33848572,2022-11-17 06:00:51
Trader Joes,44 W Gartner Rd,,Naperville,IL,60540,US,41.75453949,-88.14050293,2022-11-17 06:00:51
Trader Joes,1800 S Randall Rd,,Algonquin,IL,60102,US,42.15344238,-88.33983612,2022-11-17 06:00:51
Trader Joes,680 Roosevelt Rd,,Glen Ellyn,IL,60137,US,41.86052704,-88.05865479,2022-11-17 06:00:51
Trader Joes,122 Ogden Ave,,Downers Grove,IL,60515,US,41.81105804,-87.98908997,2022-11-17 06:00:51
Trader Joes,14924 S La Grange Rd,,Orland Park,IL,60462,US,41.61804581,-87.85462189,2022-11-17 06:00:51
Trader Joes,1426 E Golf Rd,,Schaumburg,IL,60173,US,42.05109787,-88.04188538,2022-11-17 06:00:51
Trader Joes,735 W Route 22,,Lake Zurich,IL,60047,US,42.18877029,-88.10900879,2022-11-17 06:00:51
Trader Joes,25 N La Grange Rd,,La Grange,IL,60525,US,41.81731796,-87.86935425,2022-11-17 06:00:51
Trader Joes,17 W Rand Rd,,Arlington Heights,IL,60004,US,42.11292648,-87.98266602,2022-11-17 06:00:51
Trader Joes,483 N Harlem Ave,,Oak Park,IL,60301,US,41.89027786,-87.80478668,2022-11-17 06:00:51
Trader Joes,2410 James St,,Bellingham,WA,98225,US,48.76212692,-122.46392059,2022-11-17 06:00:51
Trader Joes,190 N NW Highway,,Park Ridge,IL,60068,US,42.01271439,-87.83236694,2022-11-17 06:00:51
Trader Joes,1600 S Milwaukee Ave,,Libertyville,IL,60048,US,42.25503922,-87.94671631,2022-11-17 06:00:51
Trader Joes,1407 Waukegan Rd,,Glenview,IL,60025,US,42.08096695,-87.79719543,2022-11-17 06:00:51
Trader Joes,127 Skokie Blvd,,Northbrook,IL,60062,US,42.15026093,-87.79830933,2022-11-17 06:00:51
Trader Joes,1528 E 55th Street,,Chicago,IL,60615,US,41.79639435,-87.58838654,2022-11-17 06:00:51
Trader Joes,1840 N Clybourn Ave,,Chicago,IL,60614,US,41.91448593,-87.65498352,2022-11-17 06:00:51
Trader Joes,3745 N Lincoln Ave,,Chicago,IL,60613,US,41.94988632,-87.67514038,2022-11-17 06:00:51
Trader Joes,1147 S Wabash Ave,,Chicago,IL,60605,US,41.86774445,-87.6253891,2022-11-17 06:00:51
Trader Joes,44 E Ontario St,,Chicago,IL,60611,US,41.8934288,-87.62631226,2022-11-17 06:00:51
Trader Joes,667 W Diversey Pkwy,,Chicago,IL,60614,US,41.93241882,-87.64626312,2022-11-17 06:00:51
Trader Joes,1211 Chicago Avenue,,Evanston,IL,60202,US,42.03977966,-87.68003082,2022-11-17 06:00:51
Trader Joes,12665 W. Bluemound Rd,,Brookfield,WI,53005,US,43.03567886,-88.07015228,2022-11-17 06:00:51
Trader Joes,5600 N Port Washington Rd,,Milwaukee,WI,53217,US,43.11893082,-87.91629028,2022-11-17 06:00:51
Trader Joes,2902 W 86th St,,Indianapolis,IN,46268,US,39.91256714,-86.21179962,2022-11-17 06:00:51
Trader Joes,4600 Shelbyville Rd Ste 111,,Louisville,KY,40207,US,38.24927521,-85.62999725,2022-11-17 06:00:51
Trader Joes,4600 Shelbyville Rd Ste 112,,Louisville,KY,40207,US,38.24927521,-85.62999725,2022-11-17 06:00:51
Trader Joes,5473 E 82nd St,,Indianapolis,IN,46250,US,39.9037056,-86.07518005,2022-11-17 06:00:51
Trader Joes,4250 Roswell Road NE,,Marietta,GA,30062,US,33.98329544,-84.42633057,2022-11-17 06:00:51
Trader Joes,635 W Crossville Rd,,Roswell,GA,30075,US,34.05934525,-84.37962341,2022-11-17 06:00:51
Trader Joes,6277 Roswell Road NE,,Sandy Springs,GA,30328,US,33.92624664,-84.37809753,2022-11-17 06:00:51
Trader Joes,3183 Peachtree Rd,,Atlanta,GA,30305,US,33.84095383,-84.37498474,2022-11-17 06:00:51
Trader Joes,931 Monroe Dr,,Atlanta,GA,30308,US,33.77875519,-84.36701965,2022-11-17 06:00:51
Trader Joes,5185 Peachtree Pkwy,,Norcross,GA,30092,US,33.9791832,-84.21956635,2022-11-17 06:00:51
Trader Joes,2320 Nicholasville Road,,Lexington,KY,40503,US,38.00492859,-84.51850891,2022-11-17 06:00:51
Trader Joes,2326 Nicholasville Rd,,Lexington,KY,40503,US,38.00492859,-84.51836395,2022-11-17 06:00:51
Trader Joes,8001 Kingston Pike,,Knoxville,TN,37919,US,35.92718506,-84.04598236,2022-11-17 06:00:51
Trader Joes,4110 W. Jefferson Blvd.,,Fort Wayne,IN,46804,US,41.07174301,-85.19535828,2022-11-17 06:00:51
Trader Joes,5099 Century Ave,,Kalamazoo,MI,49006,US,42.27012634,-85.64998627,2022-11-17 06:00:51
Trader Joes,3425 Thomasville Rd,,Tallahassee,FL,32309,US,30.50323105,-84.24985504,2022-11-17 06:00:51
Trader Joes,7788 Montgomery Rd,,Cincinnati,OH,45236,US,39.19732666,-84.38170624,2022-11-17 06:00:51
Trader Joes,3684 28th St SE,,Kentwood,MI,49512,US,42.91196823,-85.57668304,2022-11-17 06:00:51
Trader Joes,328 East Stroop Rd,,Kettering,OH,45429,US,39.6884346,-84.16627502,2022-11-17 06:00:51
Trader Joes,1850 Epps Bridge Pkwy,,Athens,GA,30606,US,33.91560364,-83.44367981,2022-11-17 06:00:51
Trader Joes,120 Merrimon Ave,,Asheville,NC,28801,US,35.60304642,-82.55357361,2022-11-17 06:00:51
Trader Joes,6355 Sawmill Rd,,Dublin,OH,43017,US,40.09650421,-83.09308624,2022-11-17 06:00:51
Trader Joes,59 Woodruff Industrial Ln,,Greenville,SC,29607,US,34.82904434,-82.30567169,2022-11-17 06:00:51
Trader Joes,3888 Townsfair Way,,Columbus,OH,43219,US,40.04930115,-82.9180069,2022-11-17 06:00:51
Trader Joes,2398 East Stadium Blvd,,Ann Arbor,MI,48104,US,42.25840378,-83.71302032,2022-11-17 06:00:51
Trader Joes,18771 Traditions Drive,,Northville,MI,48167,US,42.42276764,-83.43375397,2022-11-17 06:00:51
Trader Joes,6536 Telegraph Rd,,Bloomfield Hills,MI,48301,US,42.54412842,-83.28676605,2022-11-17 06:00:51
Trader Joes,3724 SW Archer Rd,,Gainesville,FL,32608,US,29.62328148,-82.37998199,2022-11-17 06:00:51
Trader Joes,27880 Woodward Ave,,Royal Oak,MI,48067,US,42.4954071,-83.16368866,2022-11-17 06:00:51
Trader Joes,3044 Walton Blvd,,Rochester Hills,MI,48309,US,42.68069839,-83.19411469,2022-11-17 06:00:51
Trader Joes,17028 Kercheval Ave,,Grosse Pointe,MI,48230,US,42.38977051,-82.91588593,2022-11-17 06:00:51
Trader Joes,2742 4th St N,,St. Petersburg,FL,33704,US,27.79740143,-82.63882446,2022-11-17 06:00:51
Trader Joes,3808 W Swann Ave,,Tampa,FL,33609,US,27.9372654,-82.5063324,2022-11-17 06:00:51
Trader Joes,4101 S Tamiami Trail,,Sarasota,FL,34231,US,27.29476166,-82.53002167,2022-11-17 06:00:51
Trader Joes,11112 San Jose Blvd,,Jacksonville,FL,32223,US,30.17392731,-81.63019562,2022-11-17 06:00:51
Trader Joes,4516 Forest Drive,,Columbia,SC,29206,US,34.02002716,-80.97267914,2022-11-17 06:00:51
Trader Joes,175 Market St,,Westlake,OH,44145,US,41.45679092,-81.95130157,2022-11-17 06:00:51
Trader Joes,1133 Metropolitan Ave,,Charlotte,NC,28204,US,35.21178055,-80.83563232,2022-11-17 06:00:51
Trader Joes,6418 Rea Rd,,Charlotte,NC,28277,US,35.07885742,-80.8179245,2022-11-17 06:00:51
Trader Joes,4180 S 3rd St,,Jacksonville Beach,FL,32250,US,30.25699234,-81.38980865,2022-11-17 06:00:51
Trader Joes,1820 E Arbors Dr,,Charlotte,NC,28262,US,35.33681107,-80.75452423,2022-11-17 06:00:51
Trader Joes,28425 Chagrin Blvd,,Woodmere,OH,44122,US,41.46330643,-81.47913361,2022-11-17 06:00:51
Trader Joes,8323 Sand Lake Rd,,Orlando,FL,32819,US,28.45030403,-81.49658966,2022-11-17 06:00:51
Trader Joes,131 Orlando Ave.,,Winter Park,FL,32789,US,28.59831047,-81.36556244,2022-11-17 06:00:51
Trader Joes,252 South Stratford Road,,Winston Salem,NC,27103,US,36.09275436,-80.28160095,2022-11-17 06:00:51
Trader Joes,4983 S. Cleveland Avenue,,Fort Myers,FL,33907,US,26.58716774,-81.86964417,2022-11-17 06:00:51
Trader Joes,10600 Tamiami Trail N,,Naples,FL,34108,US,26.26813126,-81.80052948,2022-11-17 06:00:51
Trader Joes,3721 Battleground Ave.,,Greensboro,NC,27410,US,36.13129044,-79.85777283,2022-11-17 06:00:51
Trader Joes,401 Johnnie Dodds Blvd,,Mt. Pleasant,SC,29464,US,32.80479431,-79.88716888,2022-11-17 06:00:51
Trader Joes,1630 Washington Rd,,Pittsburgh,PA,15241,US,40.35135269,-80.05171967,2022-11-17 06:00:51
Trader Joes,9020 Covenant Ave,,Pittsburgh,PA,15237,US,40.57040787,-80.02231598,2022-11-17 06:00:51
Trader Joes,6343 Penn Ave,,Pittsburgh,PA,15206,US,40.45923615,-79.91918182,2022-11-17 06:00:51
Trader Joes,1800 E Franklin St,,Chapel Hill,NC,27514,US,35.93693161,-79.02508545,2022-11-17 06:00:51
Trader Joes,1393 Kildaire Farm Rd,,Cary,NC,27511,US,35.7589035,-78.78154755,2022-11-17 06:00:51
Trader Joes,3000 Wake Forest Rd,,Raleigh,NC,27609,US,35.82324219,-78.62171173,2022-11-17 06:00:51
Trader Joes,2025 Bond St.,,Charlottesville,VA,22901,US,38.06298447,-78.4914856,2022-11-17 06:00:51
Trader Joes,2877 South State Rd 7,,Wellington,FL,33414,US,26.63776016,-80.20410919,2022-11-17 06:00:51
Trader Joes,2560 PGA Blvd,,Palm Beach Gardens,FL,33410,US,26.8437748,-80.0741806,2022-11-17 06:00:51
Trader Joes,2796 N. University Drive,,Coral Springs,FL,33065,US,26.2650528,-80.25016022,2022-11-17 06:00:51
Trader Joes,11960 Pines Blvd,,Pembroke Pines,FL,33026,US,26.00584984,-80.31077576,2022-11-17 06:00:51
Trader Joes,2296 S University Dr,,Davie,FL,33324,US,26.09284019,-80.2519989,2022-11-17 06:00:51
Trader Joes,1851 S Federal Highway #500,,Delray Beach,FL,33483,US,26.43891144,-80.07009125,2022-11-17 06:00:51
Trader Joes,855 S Federal Hwy,,Boca Raton,FL,33432,US,26.34225082,-80.08657837,2022-11-17 06:00:51
Trader Joes,9205 S Dixie Hwy,,Miami,FL,33156?,US,25.68440819,-80.31256104,2022-11-17 06:00:51
Trader Joes,1560 N Federal Hwy,,Fort Lauderdale,FL,33304,US,26.14812088,-80.11899567,2022-11-17 06:00:51
Trader Joes,1683 West Ave,,Miami Beach,FL,33139,US,25.7917881,-80.14215851,2022-11-17 06:00:51
Trader Joes,1437 S College Rd,,Wilmington,NC,28403,US,34.21077347,-77.88576508,2022-11-17 06:00:51
Trader Joes,1565 Niagara Falls Blvd,,Buffalo,NY,14228,US,42.99805069,-78.82125854,2022-11-17 06:00:51
Trader Joes,11331 W Broad St,,Glen Allen,VA,23060,US,37.64889145,-77.60680389,2022-11-17 06:00:51
Trader Joes,3000 Stony Point Rd,,Richmond,VA,23235,US,37.53890228,-77.56427002,2022-11-17 06:00:51
Trader Joes,243 Patriot Lane,,State College,PA,16803,US,40.81033707,-77.90223694,2022-11-17 06:00:51
Trader Joes,14100 Lee Hwy,,Centreville,VA,20120,US,38.84041595,-77.43276978,2022-11-17 06:00:51
Trader Joes,44755 Brimfield Dr,,Ashburn,VA,20147,US,39.05037689,-77.45272827,2022-11-17 06:00:51
Trader Joes,11958 Killingsworth Ave,,Reston,VA,20194,US,38.96723938,-77.35904694,2022-11-17 06:00:51
Trader Joes,9464 Main St,,Fairfax,VA,22031,US,38.84271622,-77.27037048,2022-11-17 06:00:51
Trader Joes,7514 Leesburg Turnpike,,Falls Church,VA,22043,US,38.9043541,-77.20368958,2022-11-17 06:00:51
Trader Joes,6394 Springfield Plaza,,Springfield,VA,22150,US,38.78164291,-77.18945312,2022-11-17 06:00:51
Trader Joes,10076 Darnestown Rd,,Rockville,MD,20850,US,39.09654617,-77.20678711,2022-11-17 06:00:51
Trader Joes,5847 Leesburg Pike,,Bailey's Crossroads,VA,22041,US,38.85103226,-77.13278961,2022-11-17 06:00:51
Trader Joes,12268-H Rockville Pike,,Rockville,MD,20852,US,39.05705643,-77.12234497,2022-11-17 06:00:51
Trader Joes,1109 N Highland St,,Arlington,VA,22201,US,38.88668442,-77.09464264,2022-11-17 06:00:51
Trader Joes,6831 Wisconsin Ave,,Bethesda,MD,20815,US,38.97825623,-77.0905304,2022-11-17 06:00:51
Trader Joes,2101 Wisconsin Ave NW Suite A,,Washington,DC,20007,US,38.91770935,-77.06832886,2022-11-17 06:00:51
Trader Joes,612 N Saint Asaph St,,Alexandria,VA,22314,US,38.81078339,-77.04479218,2022-11-17 06:00:51
Trader Joes,1101 25th Street NW,,Washington,DC,20037,US,38.9040947,-77.05302429,2022-11-17 06:00:51
Trader Joes,1914 14th St NW,,Washington,DC,20009,US,38.91604614,-77.03218842,2022-11-17 06:00:51
Trader Joes,350 Florida Ave. NE,,Washington,DC,20002,US,38.90756607,-77.00080109,2022-11-17 06:00:51
Trader Joes,750 Pennsylvania Ave SE,,Washington,DC,20003,US,38.88529205,-76.99523163,2022-11-17 06:00:51
Trader Joes,10741 Columbia Pike,,Silver Spring,MD,20901,US,39.03133392,-77.00350189,2022-11-17 06:00:51
Trader Joes,5000 Settlers Market Blvd,,Williamsburg,VA,23188,US,37.27713394,-76.74778748,2022-11-17 06:00:51
Trader Joes,6610 Marie Curie Dr,,Elkridge,MD,21075,US,39.18831635,-76.79563904,2022-11-17 06:00:51
Trader Joes,1809 Reisterstown Rd,,Pikesville,MD,21208,US,39.388134,-76.73608398,2022-11-17 06:00:51
Trader Joes,3349 Monroe Ave,,Rochester,NY,14618,US,43.102211,-77.54170227,2022-11-17 06:00:51
Trader Joes,12551 Jefferson Ave,,Newport News,VA,23602,US,37.13093567,-76.51647949,2022-11-17 06:00:51
Trader Joes,800 Kenilworth Drive,,Towson,MD,21204,US,39.41145706,-76.61923218,2022-11-17 06:00:51
Trader Joes,160 F Jennifer Rd,,Annapolis,MD,21401,US,38.9889183,-76.54024506,2022-11-17 06:00:51
Trader Joes,503 Hilltop Plaza,,Virginia Beach,VA,23454,US,36.84860992,-76.02477264,2022-11-17 06:00:51
Trader Joes,744 S Meadow Street,,Ithaca,NY,14850,US,42.4287796,-76.51046753,2022-11-17 06:00:51
Trader Joes,2500 Fashion Center Blvd.,,Newark,DE,19702,US,39.67100525,-75.64726257,2022-11-17 06:00:51
Trader Joes,5605 Concord Pike,,Wilmington,DE,19803,US,39.83383179,-75.54172516,2022-11-17 06:00:51
Trader Joes,3422 Erie Blvd E,,Syracuse,NY,13214,US,43.04624176,-76.07064819,2022-11-17 06:00:51
Trader Joes,171 E Swedesford Rd,,Wayne,PA,19087,US,40.07343292,-75.43363953,2022-11-17 06:00:51
Trader Joes,12 E State St,,Media,PA,19063,US,39.91756058,-75.38890076,2022-11-17 06:00:51
Trader Joes,112 Coulter Ave,,Ardmore,PA,19003,US,40.00727844,-75.28659821,2022-11-17 06:00:51
Trader Joes,1460 Bethlehem Pike,,North Wales,PA,19454,US,40.20784378,-75.22356415,2022-11-17 06:00:51
Trader Joes,2121 Market St,,Philadelphia,PA,19103,US,39.95418167,-75.17597198,2022-11-17 06:00:51
Trader Joes,1324 Arch St.,,Philadelphia,PA,19107,US,39.9541893,-75.16242981,2022-11-17 06:00:51
Trader Joes,933 Old York Rd,,Jenkintown,PA,19046,US,40.10840988,-75.12220001,2022-11-17 06:00:51
Trader Joes,775 Haddonfield Rd,,Cherry Hill,NJ,08002,US,39.92896271,-75.03218842,2022-11-17 06:00:51
Trader Joes,300 P Route 73 S,,Marlton,NJ,08053,US,39.89038467,-74.92416382,2022-11-17 06:00:51
Trader Joes,3528 Brunswick Pike,,Princeton,NJ,08540,US,40.3106041,-74.66117859,2022-11-17 06:00:51
Trader Joes,315 Promenade Blvd,,Bridgewater,NJ,08807,US,40.56436539,-74.55543518,2022-11-17 06:00:51
Trader Joes,869 US-1,,North Brunswick,NJ,08902,US,40.46285629,-74.4592514,2022-11-17 06:00:51
Trader Joes,3056 State Route 10 West,,Denville,NJ,07834,US,40.86618042,-74.50631714,2022-11-17 06:00:51
Trader Joes,176 Columbia Turnpike,,Florham Park,NJ,07932,US,40.78913116,-74.39136505,2022-11-17 06:00:51
Trader Joes,155 Elm St,,Westfield,NJ,07090,US,40.65222549,-74.34999847,2022-11-17 06:00:51
Trader Joes,4331 US 9 #3,,Freehold,NJ,07728,US,40.28089905,-74.29367065,2022-11-17 06:00:51
Trader Joes,187 Millburn Ave,,Millburn,NJ,07041,US,40.72300339,-74.29614258,2022-11-17 06:00:51
Trader Joes,110 Brick Plaza,,Brick,NJ,08723,US,40.05724335,-74.14087677,2022-11-17 06:00:51
Trader Joes,910 Hamburg Turnpike,,Wayne,NJ,07470,US,40.95928574,-74.23040771,2022-11-17 06:00:51
Trader Joes,2385 Richmond Ave,,Staten Island,NY,10314,US,40.58966064,-74.16574097,2022-11-17 06:00:51
Trader Joes,259 Allwood Road,,Clifton,NJ,07012,US,40.83652878,-74.15131378,2022-11-17 06:00:51
Trader Joes,1031 Broad St,,Shrewsbury,NJ,07702,US,40.31679535,-74.0615921,2022-11-17 06:00:51
Trader Joes,404 Rt 17 N,,Paramus,NJ,07652,US,40.94831848,-74.07058716,2022-11-17 06:00:51
Trader Joes,1350 Willow Ave.,,Hoboken,NJ,07030,US,40.75367355,-74.029953,2022-11-17 06:00:51
Trader Joes,233 Spring Street,,New York,NY,10013,US,40.72567368,-74.00473022,2022-11-17 06:00:51
Trader Joes,130 Court St,,Brooklyn,NY,11201,US,40.68958282,-73.99286652,2022-11-17 06:00:51
Trader Joes,20 Irvington St,,Westwood,NJ,07675,US,40.99317551,-74.03598022,2022-11-17 06:00:51
Trader Joes,675 6th Ave,,New York,NY,10010,US,40.74208832,-73.99411774,2022-11-17 06:00:51
Trader Joes,400 Grand St. (Cellar),,New York,NY,10002,US,40.71614075,-73.98677063,2022-11-17 06:00:51
Trader Joes,445 Gold St,,Brooklyn,NY,11201,US,40.69099045,-73.98291779,2022-11-17 06:00:51
Trader Joes,142 E 14th St,,New York,NY,10003,US,40.73337173,-73.98789978,2022-11-17 06:00:51
Trader Joes,436 East 14th St,,New York,NY,10009,US,40.73044586,-73.98100281,2022-11-17 06:00:51
Trader Joes,200 E 32nd St,,New York,NY,10016,US,40.74398804,-73.9790802,2022-11-17 06:00:51
Trader Joes,2073 Broadway,,New York,NY,10023,US,40.77855301,-73.98226166,2022-11-17 06:00:51
Trader Joes,715 River Rd,,Edgewater,NJ,07020,US,40.81966782,-73.97758484,2022-11-17 06:00:51
Trader Joes,670 Columbus Ave,,New York,NY,10025,US,40.79071045,-73.96951294,2022-11-17 06:00:51
Trader Joes,2243 Jackson Ave,,Long Island City,NY,11101,US,40.74583817,-73.94619751,2022-11-17 06:00:51
Trader Joes,9030 Metropolitan Ave,,Rego Park,NY,11374,US,40.71091461,-73.85826111,2022-11-17 06:00:51
Trader Joes,727 White Plains Rd,,Scarsdale,NY,10583,US,40.97233582,-73.80487061,2022-11-17 06:00:51
Trader Joes,215 N Central Ave,,Hartsdale,NY,10530,US,41.02554321,-73.79347229,2022-11-17 06:00:51
Trader Joes,1260 Boston Post Rd,,Larchmont,NY,10538,US,40.93836212,-73.74645233,2022-11-17 06:00:51
Trader Joes,1280 West Broadway,,Hewlett,NY,11557,US,40.63920212,-73.70172119,2022-11-17 06:00:51
Trader Joes,3418 Long Beach Rd,,Oceanside,NY,11572,US,40.62681198,-73.64110565,2022-11-17 06:00:51
Trader Joes,910 Old Country Rd,,Garden City,NY,11530,US,40.74438858,-73.60389709,2022-11-17 06:00:51
Trader Joes,1714 Merrick Rd,,Merrick,NY,11566,US,40.65336227,-73.55876923,2022-11-17 06:00:51
Trader Joes,1041 High Ridge Rd,,Stamford,CT,06905,US,41.10689545,-73.54730988,2022-11-17 06:00:51
Trader Joes,425 S Oyster Bay Rd,,Plainview,NY,11803,US,40.78171158,-73.50150299,2022-11-17 06:00:51
Trader Joes,79 Wolf Rd,,Colonie,NY,12205,US,42.71416092,-73.81204224,2022-11-17 06:00:51
Trader Joes,113 Mill Plain Rd,,Danbury,CT,06811,US,41.39321136,-73.52149963,2022-11-17 06:00:51
Trader Joes,436 Boston Post Rd,,Darien,CT,06820,US,41.0844574,-73.46170807,2022-11-17 06:00:51
Trader Joes,400 Post Road E,,Westport,CT,06880,US,41.13984299,-73.35194397,2022-11-17 06:00:51
Trader Joes,5900 Jericho Turnpike,,Commack,NY,11725,US,40.84032822,-73.30748749,2022-11-17 06:00:51
Trader Joes,2258 Black Rock Turnpike,,Fairfield,CT,06825,US,41.1831398,-73.25317383,2022-11-17 06:00:51
Trader Joes,2085 Smith Haven Plaza,,Lake Grove,NY,11755,US,40.86863708,-73.12809753,2022-11-17 06:00:51
Trader Joes,560 Boston Post Rd,,Orange,CT,06477,US,41.25081253,-73.01887512,2022-11-17 06:00:51
Trader Joes,1489 New Britain Ave,,West Hartford,CT,06110,US,41.72346497,-72.75804901,2022-11-17 06:00:51
Trader Joes,200 Dorset St,,South Burlington,VT,05403,US,44.46363449,-73.18039703,2022-11-17 06:00:51
Trader Joes,1510 Pleasant Valley Road,,Manchester,CT,06042,US,41.80675125,-72.55765533,2022-11-17 06:00:51
Trader Joes,375 Russell St,,Hadley,MA,01035,US,42.35776138,-72.54936981,2022-11-17 06:00:51
Trader Joes,77 Boston Turnpike,,Shrewsbury,MA,01545,US,42.27534485,-71.7512207,2022-11-17 06:00:51
Trader Joes,1000 Bald Hill Rd,,Warwick,RI,02886,US,41.7124176,-71.48716736,2022-11-17 06:00:51
Trader Joes,659 Worcester Rd,,Framingham,MA,01701,US,42.29911804,-71.42523193,2022-11-17 06:00:51
Trader Joes,145 Great Rd,,Acton,MA,01720,US,42.48321152,-71.41527557,2022-11-17 06:00:51
Trader Joes,262 Daniel Webster HWY,,Nashua,NH,03060,US,42.70801544,-71.43842316,2022-11-17 06:00:51
Trader Joes,2 Market Street,,Bedford,NH,03110,US,42.95372772,-71.47721863,2022-11-17 06:00:51
Trader Joes,350 Patriot Place,,Foxborough,MA,02035,US,42.08662033,-71.26927185,2022-11-17 06:00:51
Trader Joes,958 Highland Ave,,Needham,MA,02494,US,42.29273605,-71.2348938,2022-11-17 06:00:51
Trader Joes,1121 Washington St,,West Newton,MA,02465,US,42.34984589,-71.21943665,2022-11-17 06:00:51
Trader Joes,51 Middlesex Turnpike,,Burlington,MA,01803,US,42.47342682,-71.21066284,2022-11-17 06:00:51
Trader Joes,1427 Massachusetts Ave,,Arlington,MA,02476,US,42.42541885,-71.18881989,2022-11-17 06:00:51
Trader Joes,211 Alewife Brook Pkwy,,Cambridge,MA,02138,US,42.39002228,-71.14359283,2022-11-17 06:00:51
Trader Joes,199 North Harvard Street,,Allston,MA,02134,US,42.36351013,-71.12983704,2022-11-17 06:00:51
Trader Joes,1317 Beacon St,,Brookline,MA,02446,US,42.34199524,-71.12054443,2022-11-17 06:00:51
Trader Joes,748 Memorial Dr,,Cambridge,MA,02139,US,42.35826111,-71.11416626,2022-11-17 06:00:51
Trader Joes,899 Boylston St,,Boston,MA,02115,US,42.34845734,-71.08408356,2022-11-17 06:00:51
Trader Joes,145 Middlesex Ave,,Somerville,MA,02145,US,42.39561844,-71.08281708,2022-11-17 06:00:51
Trader Joes,44 Thomson Place,,Boston,MA,02210,US,42.35185623,-71.04727173,2022-11-17 06:00:51
Trader Joes,358 Broadway,,Saugus,MA,01906,US,42.48348999,-71.01755524,2022-11-17 06:00:51
Trader Joes,5 Essington Drive,,Hingham,MA,02043,US,42.2490654,-70.92379761,2022-11-17 06:00:51
Trader Joes,300 Andover St,,Peabody,MA,01960,US,42.54974747,-70.95653534,2022-11-17 06:00:51
Trader Joes,1775 Washington St,,Hanover,MA,02339,US,42.12249756,-70.83161163,2022-11-17 06:00:51
Trader Joes,45 Gosling Rd,,Portsmouth,NH,03801,US,43.09451294,-70.79954529,2022-11-17 06:00:51
Trader Joes,655 Iyannough Road Rt 132,,Hyannis,MA,02601,US,41.65955353,-70.27500916,2022-11-17 06:00:51
Trader Joes,87 Marginal Way,,Portland,ME,04101,US,43.66181564,-70.26461792,2022-11-17 06:00:51
Trader Joes,5338 N Nevada Avenue,,Colorado Springs,CO,80918,US,38.90715408,-104.81689453,2022-11-17 06:00:51
Trader Joes,500 S. Broadway,,Santa Monica,CA,90401,US,34.01576614,-118.49196625,2022-11-17 06:00:51
Trader Joes,18374 Cottonwood Drive #150,,Parker,CO,80138,US,39.55632019,-104.77761841,2022-11-17 06:00:51
Trader Joes,11479 State Street,,Draper,UT,84020,US,40.54288101,-111.89004517,2022-11-17 06:00:51
Trader Joes,5116 Commons Dr. #103,,Rocklin,CA,95677,US,38.8028717,-121.20924377,2022-11-17 06:00:51
Trader Joes,22224 Redwood Road,,Castro Valley,CA,94546,US,37.68536377,-122.07300568,2022-11-17 06:00:51
Trader Joes,16200 SW Pacific Hwy,,Tigard,OR,97224,US,45.40365601,-122.79656982,2022-11-17 06:00:51
Trader Joes,7215 SW Garden Home Road,,Portland,OR,97223,US,45.46616745,-122.75088501,2022-11-17 06:00:51
Trader Joes,2065 Cliff Road,,Eagan,MN,55122,US,44.79023361,-93.21282196,2022-11-17 06:00:51
Trader Joes,545 Cool Springs Blvd,,Franklin,TN,37067,US,35.94974136,-86.8214798,2022-11-17 06:00:51
Trader Joes,1100 Mid City Dr NW,,Huntsville,AL,35806,US,34.74013901,-86.66557312,2022-11-17 06:00:51
Trader Joes,2111 Gunbarrel Road,,Chattanooga,TN,37421,US,35.03285599,-85.15470123,2022-11-17 06:00:51
Trader Joes,1140 East Howard,,South Bend,IN,46617,US,41.68810654,-86.23351288,2022-11-17 06:00:51
Trader Joes,2785 Dixie Highway,,Crestview Hills,KY,41017,US,39.0261116,-84.57732391,2022-11-17 06:00:51
Trader Joes,2780 Dixie Highway,,Crestview Hills,KY,41017,US,39.02880096,-84.57711029,2022-11-17 06:00:51
Trader Joes,9474 Mentor Ave,,Mentor,OH,44060,US,41.6804657,-81.29961395,2022-11-17 06:00:51
Trader Joes,951 Morrisville Parkway,,Morrisville,NC,27560,US,35.80947113,-78.81764984,2022-11-17 06:00:51
Trader Joes,211 S. Dixie Highway,,Coral Gables,FL,33133,US,25.72926521,-80.25808716,2022-11-17 06:00:51
Trader Joes,3191 NE 1st Ave,,Miami,FL,33137,US,25.80687714,-80.19265747,2022-11-17 06:00:51
Trader Joes,7900 Wisconsin Ave,,Bethesda,MD,20814,US,38.98962021,-77.09570312,2022-11-17 06:00:51
Trader Joes,4429 Calvert Road,,College Park,MD,20740,US,38.97844315,-76.93753052,2022-11-17 06:00:51
Trader Joes,3545 Gettysburg Road,,Camp Hill,PA,17011,US,40.22451782,-76.93716431,2022-11-17 06:00:51
Trader Joes,200 Kent Ave,,Brooklyn,NY,11249,US,40.71771622,-73.96468353,2022-11-17 06:00:51
Trader Joes,405 E. 59th Street,,New York,NY,10022,US,40.75965881,-73.96154022,2022-11-17 06:00:51
Trader Joes,3240 Crompond Road,,Yorktown,NY,10598,US,41.29172516,-73.82481384,2022-11-17 06:00:51
Trader Joes,3 Halfmoon Crossing Blvd,,Halfmoon,NY,12065,US,42.85914993,-73.76530457,2022-11-17 06:00:51
Trader Joes,400 Hebron Ave,,Glastonbury,CT,06033,US,41.71347046,-72.59981537,2022-11-17 06:00:51
Trader Joes,425 S Main St,,Providence,RI,02903,US,41.8204422,-71.4036026,2022-11-17 06:00:51
